{"train loss":0.026396844536066055,"test accuracy":94.38092582264362,"test loss":0.060064794584879955,"_wandb":{"runtime":12},"_timestamp":1.7480087579364126e+09,"_runtime":12.470950713,"_step":5491}