{"_step":5491,"train loss":0.012201623991131783,"test loss":0.049485249939591226,"test accuracy":94.64584495259342,"_wandb":{"runtime":14},"_timestamp":1.7480087894968395e+09,"_runtime":14.520557946}