{"_step":5491,"test loss":0.052704614518783666,"test accuracy":94.4366982710541,"_wandb":{"runtime":12},"train loss":0.016222920268774033,"_timestamp":1.748008772679077e+09,"_runtime":12.470283886}