{"_step":5491,"test loss":0.09002060078542079,"test accuracy":92.33128834355828,"_wandb":{"runtime":12},"train loss":0.08440326899290085,"_timestamp":1.7480087430579844e+09,"_runtime":12.342136938}