{"_wandb":{"runtime":14},"_timestamp":1.748008807024159e+09,"_runtime":14.584005156,"_step":5491,"train loss":0.010167963802814484,"test loss":0.04766112181862657,"test accuracy":94.78527607361963}