{"_runtime":15.19713961,"_step":5491,"test loss":0.0464595896451768,"test accuracy":94.81316229782487,"_wandb":{"runtime":15},"train loss":0.009057416580617428,"_timestamp":1.7480088249094856e+09}