{"train loss":0.008307534269988537,"test loss":0.04560291234523105,"test accuracy":94.81316229782487,"_wandb":{"runtime":166},"_timestamp":1.7480088433956542e+09,"_runtime":15.319792099,"_step":5491}